State/Province,Metric,Mean,Median,Std Dev,Variance,Min,Max,Q1,Q3,IQR
Alabama,Sales,16.41,12.12,14.52,210.97,3.49,100.00,7.20,22.50,15.30
Alabama,Gross Profit,10.24,7.47,8.12,65.88,1.00,50.00,4.88,13.17,8.29
Alabama,Shipping Lead Time (Simulated),4.53,4.00,1.72,2.96,0.00,7.00,4.00,6.00,2.00
Alberta,Sales,20.64,14.40,22.02,484.72,3.60,100.00,13.00,18.00,5.00
Alberta,Gross Profit,12.65,10.00,10.66,113.63,2.50,50.00,8.44,12.00,3.56
Alberta,Shipping Lead Time (Simulated),4.52,4.00,1.45,2.09,3.00,7.00,3.00,5.00,2.00
Arizona,Sales,16.14,11.25,19.31,372.79,3.25,160.00,7.20,18.75,11.55
Arizona,Gross Profit,10.29,7.50,10.00,100.03,1.25,80.00,4.90,12.50,7.60
Arizona,Shipping Lead Time (Simulated),4.35,5.00,1.98,3.91,0.00,7.00,3.00,6.00,3.00
Arkansas,Sales,15.21,13.00,9.53,90.84,3.60,60.00,7.50,18.19,10.69
Arkansas,Gross Profit,10.01,8.44,5.65,31.89,1.95,30.00,5.00,12.45,7.45
Arkansas,Shipping Lead Time (Simulated),4.50,5.00,1.54,2.36,0.00,7.00,4.00,5.00,1.00
British Columbia,Sales,13.22,12.82,8.41,70.68,3.60,28.80,3.75,18.56,14.81
British Columbia,Gross Profit,9.01,8.48,5.87,34.46,2.40,20.00,2.45,12.19,9.74
British Columbia,Shipping Lead Time (Simulated),5.41,5.00,1.26,1.59,3.00,7.00,4.25,6.75,2.50
California,Sales,14.03,10.80,10.46,109.49,1.25,140.00,7.20,18.00,10.80
California,Gross Profit,9.28,7.47,6.34,40.24,0.25,70.00,4.98,12.25,7.27
California,Shipping Lead Time (Simulated),4.32,4.00,1.85,3.41,0.00,7.00,3.00,6.00,3.00
Colorado,Sales,14.00,10.80,9.56,91.34,2.50,60.00,7.20,18.00,10.80
Colorado,Gross Profit,9.32,7.47,6.44,41.53,0.50,48.00,4.98,12.50,7.52
Colorado,Shipping Lead Time (Simulated),4.02,4.00,1.75,3.05,0.00,7.00,3.00,5.00,2.00
Connecticut,Sales,12.02,10.80,7.57,57.28,2.50,35.75,6.98,16.25,9.27
Connecticut,Gross Profit,8.01,7.20,5.14,26.42,0.25,23.21,4.80,10.55,5.75
Connecticut,Shipping Lead Time (Simulated),3.84,4.00,2.07,4.29,0.00,7.00,2.00,5.00,3.00
Delaware,Sales,14.10,11.25,8.55,73.17,3.25,60.00,7.50,18.94,11.44
Delaware,Gross Profit,9.17,7.50,5.35,28.60,0.50,30.00,5.00,12.46,7.47
Delaware,Shipping Lead Time (Simulated),4.59,5.00,1.81,3.28,0.00,7.00,3.00,6.00,3.00
District of Columbia,Sales,14.22,10.80,8.77,76.98,6.50,28.80,7.84,18.90,11.06
District of Columbia,Gross Profit,9.59,7.20,5.99,35.90,4.22,20.00,5.33,12.68,7.34
District of Columbia,Shipping Lead Time (Simulated),5.00,5.00,1.25,1.56,3.00,7.00,4.00,6.00,2.00
Florida,Sales,12.59,10.80,7.30,53.36,2.50,46.80,7.20,17.45,10.25
Florida,Gross Profit,8.41,7.35,5.02,25.24,0.75,32.50,4.90,12.00,7.10
Florida,Shipping Lead Time (Simulated),4.30,4.00,1.91,3.64,0.00,7.00,3.00,6.00,3.00
Georgia,Sales,14.76,10.80,14.11,199.15,1.25,140.00,7.50,18.00,10.50
Georgia,Gross Profit,9.58,7.47,7.79,60.73,0.65,70.00,5.00,12.25,7.25
Georgia,Shipping Lead Time (Simulated),4.40,5.00,2.00,4.00,0.00,7.00,3.00,6.00,3.00
Idaho,Sales,10.73,10.80,3.49,12.21,3.49,16.25,9.75,14.40,4.65
Idaho,Gross Profit,7.25,7.47,2.33,5.44,2.40,10.55,6.33,9.60,3.27
Idaho,Shipping Lead Time (Simulated),4.57,5.00,1.75,3.06,1.00,7.00,4.00,6.00,2.00
Illinois,Sales,14.15,10.80,12.08,145.91,2.50,180.00,7.20,18.00,10.80
Illinois,Gross Profit,9.34,7.47,6.82,46.57,1.30,90.00,4.98,12.25,7.27
Illinois,Shipping Lead Time (Simulated),4.49,5.00,1.88,3.52,0.00,7.00,3.25,6.00,2.75
Indiana,Sales,13.56,11.25,7.95,63.15,3.25,39.60,7.20,18.75,11.55
Indiana,Gross Profit,9.09,7.47,5.48,29.98,1.50,27.50,4.90,12.46,7.56
Indiana,Shipping Lead Time (Simulated),4.71,5.00,1.69,2.85,0.00,7.00,4.00,6.00,2.00
Iowa,Sales,13.35,11.25,8.22,67.58,3.25,37.50,7.04,17.45,10.41
Iowa,Gross Profit,9.00,7.48,5.54,30.67,2.11,24.50,4.84,12.34,7.49
Iowa,Shipping Lead Time (Simulated),4.53,4.00,1.50,2.26,0.00,7.00,4.00,5.75,1.75
Kansas,Sales,11.12,10.47,5.44,29.63,3.25,20.94,7.35,17.73,10.38
Kansas,Gross Profit,7.58,7.20,3.79,14.34,2.11,14.94,4.90,12.00,7.10
Kansas,Shipping Lead Time (Simulated),4.35,5.00,2.29,5.24,0.00,7.00,2.50,6.00,3.50
Kentucky,Sales,13.65,10.80,9.14,83.57,3.25,48.86,7.20,16.25,9.05
Kentucky,Gross Profit,9.02,7.47,6.18,38.23,0.75,34.86,4.90,10.55,5.65
Kentucky,Shipping Lead Time (Simulated),4.47,4.50,1.65,2.73,0.00,7.00,4.00,6.00,2.00
Louisiana,Sales,12.63,10.47,7.33,53.72,3.49,35.75,7.20,17.45,10.25
Louisiana,Gross Profit,8.36,7.35,5.05,25.47,0.75,23.21,4.80,12.00,7.20
Louisiana,Shipping Lead Time (Simulated),3.88,4.00,1.95,3.81,0.00,7.00,3.00,5.00,2.00
Maine,Sales,17.07,7.20,16.79,281.76,6.50,48.75,7.09,21.43,14.34
Maine,Gross Profit,11.45,5.00,10.90,118.73,4.22,31.85,4.99,14.54,9.54
Maine,Shipping Lead Time (Simulated),5.43,6.00,1.40,1.95,4.00,7.00,4.00,6.50,2.50
Manitoba,Sales,11.68,9.75,9.47,89.66,3.25,33.75,5.05,14.70,9.65
Manitoba,Gross Profit,7.63,6.33,6.18,38.24,2.11,22.05,3.31,9.70,6.39
Manitoba,Shipping Lead Time (Simulated),3.64,4.00,1.91,3.65,1.00,7.00,2.00,5.00,3.00
Maryland,Sales,13.93,11.25,8.25,68.05,2.50,34.90,7.42,18.75,11.32
Maryland,Gross Profit,9.41,7.47,5.63,31.74,0.25,24.90,5.00,12.30,7.30
Maryland,Shipping Lead Time (Simulated),4.30,5.00,2.05,4.19,0.00,7.00,3.00,6.00,3.00
Massachusetts,Sales,13.55,10.80,9.52,90.68,3.25,80.00,7.20,18.00,10.80
Massachusetts,Gross Profit,8.85,7.35,5.90,34.80,0.75,40.00,4.90,12.00,7.10
Massachusetts,Shipping Lead Time (Simulated),4.52,5.00,1.73,2.98,0.00,7.00,3.00,6.00,3.00
Michigan,Sales,13.19,10.80,8.47,71.81,1.25,60.00,7.20,17.45,10.25
Michigan,Gross Profit,8.85,7.47,5.59,31.28,0.65,31.20,4.90,12.00,7.10
Michigan,Shipping Lead Time (Simulated),4.45,5.00,1.84,3.39,0.00,7.00,4.00,6.00,2.00
Minnesota,Sales,13.16,10.80,7.33,53.75,3.49,37.50,7.20,17.45,10.25
Minnesota,Gross Profit,8.83,7.47,4.93,24.32,2.40,24.50,4.90,12.25,7.35
Minnesota,Shipping Lead Time (Simulated),4.44,4.00,1.74,3.03,0.00,7.00,4.00,6.00,2.00
Mississippi,Sales,15.95,13.48,12.46,155.13,3.60,80.00,9.75,19.50,9.75
Mississippi,Gross Profit,10.54,9.12,7.24,52.48,2.40,40.00,6.33,12.66,6.33
Mississippi,Shipping Lead Time (Simulated),4.77,5.00,1.78,3.16,0.00,7.00,4.00,6.00,2.00
Missouri,Sales,13.47,10.80,7.42,55.02,3.25,36.00,7.20,17.59,10.39
Missouri,Gross Profit,9.09,7.47,5.17,26.77,0.50,25.00,5.00,12.45,7.45
Missouri,Shipping Lead Time (Simulated),4.14,4.00,1.72,2.95,0.00,7.00,3.00,5.00,2.00
Montana,Sales,13.47,10.80,6.80,46.19,6.98,26.25,7.35,18.75,11.40
Montana,Gross Profit,9.03,7.50,4.55,20.66,4.80,17.43,4.94,12.25,7.31
Montana,Shipping Lead Time (Simulated),4.73,5.00,1.87,3.50,0.00,7.00,5.00,6.00,1.00
Nebraska,Sales,12.78,10.47,8.80,77.46,2.50,52.50,7.50,17.45,9.95
Nebraska,Gross Profit,8.66,7.47,5.86,34.32,1.30,34.30,4.90,12.00,7.10
Nebraska,Shipping Lead Time (Simulated),4.22,4.00,2.00,4.01,0.00,7.00,3.00,6.00,3.00
Nevada,Sales,19.47,13.00,30.85,951.84,2.50,200.00,7.35,20.18,12.83
Nevada,Gross Profit,12.04,8.44,15.65,244.94,1.25,100.00,5.00,13.45,8.45
Nevada,Shipping Lead Time (Simulated),4.49,5.00,1.88,3.52,0.00,7.00,3.50,6.00,2.50
New Brunswick,Sales,21.59,21.59,3.04,9.22,18.75,24.43,18.75,24.43,5.68
New Brunswick,Gross Profit,14.84,14.84,2.77,7.67,12.25,17.43,12.25,17.43,5.18
New Brunswick,Shipping Lead Time (Simulated),4.88,5.00,0.99,0.98,4.00,7.00,4.00,5.00,1.00
New Hampshire,Sales,15.86,14.40,8.03,64.55,3.60,33.75,10.47,20.55,10.08
New Hampshire,Gross Profit,9.80,8.44,5.86,34.28,1.00,22.41,6.10,12.66,6.56
New Hampshire,Shipping Lead Time (Simulated),4.59,5.00,1.08,1.17,3.00,7.00,4.00,5.00,1.00
New Jersey,Sales,12.21,10.80,6.53,42.59,2.50,32.40,7.20,16.55,9.35
New Jersey,Gross Profit,7.87,7.20,4.36,19.02,1.30,22.50,4.90,10.55,5.65
New Jersey,Shipping Lead Time (Simulated),4.77,5.00,1.52,2.30,1.00,7.00,4.00,6.00,2.00
New Mexico,Sales,13.59,11.25,8.04,64.72,3.25,32.40,8.75,17.45,8.70
New Mexico,Gross Profit,9.06,7.50,5.49,30.15,1.95,22.41,5.00,12.00,7.00
New Mexico,Shipping Lead Time (Simulated),5.03,5.00,1.36,1.86,1.00,7.00,4.00,6.00,2.00
New York,Sales,13.89,10.80,11.01,121.28,1.25,120.00,7.20,18.00,10.80
New York,Gross Profit,9.13,7.41,6.62,43.79,0.25,60.00,4.90,12.25,7.35
New York,Shipping Lead Time (Simulated),4.35,5.00,1.85,3.44,0.00,7.00,3.00,6.00,3.00
Newfoundland and Labrador,Sales,26.64,28.80,4.83,23.33,18.00,28.80,28.80,28.80,0.00
Newfoundland and Labrador,Gross Profit,18.50,20.00,3.35,11.25,12.50,20.00,20.00,20.00,0.00
Newfoundland and Labrador,Shipping Lead Time (Simulated),5.40,6.00,1.34,1.80,4.00,7.00,4.00,6.00,2.00
North Carolina,Sales,13.90,10.80,8.75,76.62,1.25,52.50,7.20,18.00,10.80
North Carolina,Gross Profit,9.39,7.47,5.92,35.03,0.65,34.30,4.98,12.45,7.47
North Carolina,Shipping Lead Time (Simulated),4.46,5.00,1.91,3.67,0.00,7.00,3.00,6.00,3.00
North Dakota,Sales,15.67,13.96,10.63,113.08,3.60,37.50,10.80,16.50,5.70
North Dakota,Gross Profit,10.57,9.80,6.89,47.44,2.50,24.50,7.35,11.23,3.88
North Dakota,Shipping Lead Time (Simulated),4.57,5.00,1.40,1.95,3.00,7.00,3.50,5.00,1.50
Nova Scotia,Sales,14.58,16.25,2.58,6.67,11.25,16.25,12.50,16.25,3.75
Nova Scotia,Gross Profit,9.48,10.55,1.65,2.73,7.35,10.55,8.15,10.55,2.40
Nova Scotia,Shipping Lead Time (Simulated),4.67,4.50,1.21,1.47,3.00,6.00,4.00,5.75,1.75
Ohio,Sales,14.56,10.80,15.50,240.19,1.25,180.00,7.20,18.00,10.80
Ohio,Gross Profit,9.48,7.35,8.36,69.91,0.65,90.00,4.90,12.45,7.55
Ohio,Shipping Lead Time (Simulated),3.93,4.00,2.05,4.18,0.00,7.00,3.00,5.00,2.00
Oklahoma,Sales,13.34,10.80,7.86,61.77,3.25,45.00,7.20,18.00,10.80
Oklahoma,Gross Profit,9.05,7.35,5.36,28.78,2.11,29.40,4.90,12.00,7.10
Oklahoma,Shipping Lead Time (Simulated),4.65,5.00,2.12,4.48,0.00,7.00,4.00,6.00,2.00
Ontario,Sales,14.14,11.90,10.10,101.92,3.25,50.40,6.86,18.94,12.08
Ontario,Gross Profit,9.42,7.97,6.75,45.54,2.11,35.00,4.65,12.54,7.88
Ontario,Shipping Lead Time (Simulated),4.98,5.00,1.51,2.27,1.00,7.00,4.00,6.00,2.00
Oregon,Sales,15.49,13.00,14.40,207.26,3.25,140.00,7.50,18.19,10.69
Oregon,Gross Profit,10.10,7.97,8.02,64.35,0.75,70.00,4.96,12.46,7.50
Oregon,Shipping Lead Time (Simulated),4.68,5.00,1.58,2.50,1.00,7.00,4.00,6.00,2.00
Pennsylvania,Sales,13.77,10.80,14.35,206.05,1.50,260.00,7.20,17.86,10.66
Pennsylvania,Gross Profit,8.95,7.47,7.85,61.55,0.50,130.00,4.90,11.81,6.91
Pennsylvania,Shipping Lead Time (Simulated),4.48,5.00,1.89,3.57,0.00,7.00,3.00,6.00,3.00
Prince Edward Island,Sales,13.01,10.80,5.03,25.33,6.50,19.50,10.80,17.45,6.65
Prince Edward Island,Gross Profit,8.87,7.50,3.42,11.68,4.22,12.66,7.50,12.45,4.95
Prince Edward Island,Shipping Lead Time (Simulated),5.70,6.00,1.16,1.34,4.00,7.00,5.00,6.75,1.75
Quebec,Sales,12.06,9.75,10.23,104.75,3.25,60.00,6.50,16.25,9.75
Quebec,Gross Profit,7.70,6.33,5.56,30.92,2.11,30.00,4.22,10.55,6.33
Quebec,Shipping Lead Time (Simulated),4.94,5.00,1.91,3.64,0.00,7.00,4.00,6.00,2.00
Rhode Island,Sales,14.39,10.80,14.40,207.42,2.50,100.00,7.20,18.00,10.80
Rhode Island,Gross Profit,8.95,7.47,7.66,58.73,1.30,50.00,4.80,12.12,7.33
Rhode Island,Shipping Lead Time (Simulated),3.91,4.00,1.46,2.12,1.00,7.00,3.00,5.00,2.00
Saskatchewan,Sales,14.62,14.62,11.49,132.03,6.50,22.75,10.56,18.69,8.12
Saskatchewan,Gross Profit,9.49,9.49,7.46,55.65,4.22,14.77,6.86,12.13,5.28
Saskatchewan,Shipping Lead Time (Simulated),5.50,5.50,2.12,4.50,4.00,7.00,4.75,6.25,1.50
South Carolina,Sales,14.66,14.18,6.90,47.66,6.25,29.25,9.19,18.75,9.56
South Carolina,Gross Profit,9.72,9.60,4.80,23.00,0.50,19.92,6.00,12.50,6.50
South Carolina,Shipping Lead Time (Simulated),3.88,4.00,1.54,2.37,0.00,7.00,3.00,5.00,2.00
South Dakota,Sales,13.34,10.64,7.09,50.25,6.98,25.20,8.24,16.76,8.52
South Dakota,Gross Profit,9.18,7.47,4.88,23.77,4.90,17.50,5.55,11.06,5.51
South Dakota,Shipping Lead Time (Simulated),4.90,5.00,1.37,1.88,3.00,7.00,4.00,6.00,2.00
Tennessee,Sales,13.03,10.80,7.44,55.32,1.50,40.00,7.20,17.59,10.39
Tennessee,Gross Profit,8.59,7.47,4.94,24.41,0.50,22.50,4.98,12.00,7.02
Tennessee,Shipping Lead Time (Simulated),4.85,5.00,1.61,2.60,0.00,7.00,4.00,6.00,2.00
Texas,Sales,13.68,10.80,10.76,115.76,1.25,200.00,7.20,18.00,10.80
Texas,Gross Profit,9.08,7.47,6.40,40.96,0.50,100.00,4.98,12.25,7.27
Texas,Shipping Lead Time (Simulated),4.44,5.00,1.81,3.29,0.00,7.00,3.00,6.00,3.00
Utah,Sales,16.26,11.25,14.62,213.73,3.60,100.00,7.50,18.00,10.50
Utah,Gross Profit,10.55,7.50,7.93,62.84,2.40,50.00,5.00,12.50,7.50
Utah,Shipping Lead Time (Simulated),4.63,5.00,1.83,3.33,0.00,7.00,3.75,6.00,2.25
Vermont,Sales,14.77,11.25,12.33,152.03,3.49,46.80,7.50,17.12,9.62
Vermont,Gross Profit,10.00,7.47,8.72,76.05,2.45,32.50,4.40,11.53,7.12
Vermont,Shipping Lead Time (Simulated),5.91,6.00,1.22,1.49,3.00,7.00,5.50,7.00,1.50
Virginia,Sales,14.15,11.25,9.70,94.00,1.25,80.00,7.20,17.86,10.66
Virginia,Gross Profit,9.27,7.50,6.21,38.51,0.50,40.00,4.90,12.45,7.55
Virginia,Shipping Lead Time (Simulated),4.20,4.00,1.72,2.97,0.00,7.00,3.00,5.00,2.00
Washington,Sales,13.76,10.80,9.42,88.80,1.25,80.00,7.20,18.00,10.80
Washington,Gross Profit,9.07,7.47,5.85,34.25,0.25,40.00,4.98,12.25,7.27
Washington,Shipping Lead Time (Simulated),4.42,5.00,1.93,3.74,0.00,7.00,3.00,6.00,3.00
West Virginia,Sales,15.99,14.78,9.43,88.98,6.50,27.92,9.73,21.04,11.32
West Virginia,Gross Profit,10.97,9.88,6.82,46.45,4.22,19.92,6.68,14.17,7.49
West Virginia,Shipping Lead Time (Simulated),3.75,4.50,1.89,3.58,1.00,5.00,3.25,5.00,1.75
Wisconsin,Sales,17.52,13.96,23.33,544.31,3.25,220.00,7.50,20.94,13.44
Wisconsin,Gross Profit,11.12,9.60,11.79,139.07,2.11,110.00,5.00,14.40,9.40
Wisconsin,Shipping Lead Time (Simulated),4.80,5.00,1.95,3.79,0.00,7.00,4.00,6.00,2.00
Wyoming,Sales,13.96,13.96,,,13.96,13.96,13.96,13.96,0.00
Wyoming,Gross Profit,9.96,9.96,,,9.96,9.96,9.96,9.96,0.00
Wyoming,Shipping Lead Time (Simulated),6.00,6.00,,,6.00,6.00,6.00,6.00,0.00
